area_ratio,color_mean_overall,solidity,circularity,extent,aspect_ratio,eccentricity,num_convexity_defects,max_defect_depth_norm,dist_from_center_norm,grad_mean,idx
0.041912468112244895,0.713586688041687,0.9795516136979552,0.8361291112529571,0.7487758945386064,1.3111111111111111,0.674629331884244,23,0.0031567267017256584,0.24989089101911707,0.6354255080223083,0
0.026128029336734693,0.22346781194210052,0.9797887000459348,0.8885766573720609,0.739085239085239,1.054054054054054,0.45318013093727455,13,0.0029964241739036525,0.2129323421388633,0.38753703236579895,1
0.041673309948979595,0.04757316783070564,0.9750906892382104,0.8163072208016285,0.7314949201741655,1.0192307692307692,0.5172354689473766,25,0.003995232231871536,0.20117466110442153,0.26165762543678284,2
0.023477359693877552,0.9213151335716248,0.9424216765453006,0.5615163119612689,0.45465686274509803,1.0625,0.9386574762329766,12,0.00945784914149836,0.3052290028837538,0.3711662292480469,3
0.03647161989795918,0.8380398750305176,0.9803403755868545,0.7905510700460762,0.7138888888888889,1.5384615384615385,0.8186495480058269,26,0.0025895023725093294,0.12076744585080189,0.5894036293029785,4
0.0205875318877551,0.7001773715019226,0.9542036910457963,0.7508417504553295,0.7064777327935222,1.4615384615384615,0.7774633489393109,14,0.0046857661978740245,0.23983540367438314,0.8727917671203613,5
0.021723533163265307,0.8113880157470703,0.9698216735253772,0.7377317253597389,0.6386630532971996,1.5185185185185186,0.8685834948202766,17,0.0025895023725093294,0.3410660467358468,0.4062156081199646,6
0.04177295918367347,0.1271650791168213,0.984750581545619,0.8897909961075535,0.7470588235294118,1.02,0.46913297681410526,24,0.0024785236994017868,0.3289758826269493,0.49971985816955566,7
0.016362404336734693,0.7629948854446411,0.9604666234607907,0.7051794830541116,0.6627906976744186,1.6538461538461537,0.8795175733572328,12,0.007114966042561348,0.15704221252056033,0.36879804730415344,8
0.024294483418367346,0.7981846928596497,0.981549815498155,0.8282777955912117,0.6873385012919897,1.1944444444444444,0.7726162006468899,16,0.002293559244222549,0.17435796449817836,0.3647346794605255,9
0.027403539540816327,0.7560739517211914,0.9795221843003413,0.6602715168803124,0.5104166666666666,1.170731707317073,0.9205663188684082,15,0.002293559244222549,0.35595776734688067,0.45891842246055603,10
0.05199697066326531,0.7279528975486755,0.9423828125,0.7460692509068071,0.6701388888888888,1.0,0.5594153542695399,18,0.020888652471575255,0.2600095239657665,0.3948569893836975,11
0.02702487244897959,0.06266007572412491,0.8271649299317283,0.4868265617005742,0.5099689853788214,1.6486486486486487,0.8794505831021863,14,0.03217148423750876,0.18485741791477414,0.4298829436302185,12
0.021464445153061226,0.16439345479011536,0.8604255319148936,0.5472378889553929,0.576068376068376,1.1538461538461537,0.5945149687521744,16,0.02656089576373855,0.337384777393116,0.3589794635772705,13
0.019770408163265307,0.15964417159557343,0.924901185770751,0.6644021043049322,0.7272727272727273,1.1818181818181819,0.5617783675065733,12,0.015783633508628294,0.12391719359099614,0.3639771044254303,14
0.0441047512755102,0.7819229364395142,0.9722964763061969,0.8199713605292634,0.7401035886052534,1.0392156862745099,0.4218988233027521,22,0.0041432037960149265,0.24456677803553717,0.3181321620941162,15
0.014588647959183673,0.7165685296058655,0.9624796084828712,0.8525486601673803,0.7015457788347206,1.0,0.20245963887659688,13,0.002959431282867805,0.21998221936737491,0.8121935129165649,16
0.03633211096938776,0.7366014122962952,0.965452847805789,0.8056427000022667,0.7230769230769231,1.4102564102564104,0.6997196003226106,17,0.008052119282136153,0.38222692338637826,0.39061227440834045,17
0.018395248724489797,0.07269904017448425,0.9852760736196319,0.8966680433908649,0.7618595825426945,1.096774193548387,0.5082300071552365,11,0.001997616115935768,0.2329255278783731,0.3799714148044586,18
0.018973214285714284,0.12667931616306305,0.9591968911917098,0.7531511995186647,0.6427951388888888,1.125,0.8032748768945238,15,0.0039459083771570735,0.17447510673560146,0.36632731556892395,19
0.034099968112244895,0.7883187532424927,0.9815364325750082,0.8337597650867324,0.6891203703703703,1.0666666666666667,0.7602081554918136,17,0.0035019936847269025,0.27804915654843754,0.29500627517700195,20
0.029177295918367346,0.7354349493980408,0.9448765640852215,0.7211428636538694,0.6192375886524822,1.0212765957446808,0.7383402147420508,20,0.01148012718479136,0.3692792526551188,0.7479846477508545,21
0.03075175382653061,0.7889453768730164,0.9838028169014085,0.8866498921525652,0.7407211028632026,1.1219512195121952,0.5651660245010017,20,0.0024785236994017868,0.3917143235029688,0.35039591789245605,22
0.025350765306122448,0.08857119083404541,0.961587167581258,0.8026323728647385,0.7123202001250781,1.0512820512820513,0.33773109955164293,20,0.0038225987403709147,0.3450759928507568,0.35709619522094727,23
0.04077646683673469,0.7747074961662292,0.9757545769421079,0.8407581676574282,0.7435897435897436,1.0196078431372548,0.3680294166383623,21,0.0041432037960149265,0.3000761298980333,0.3025275468826294,24
0.03103077168367347,0.10752859711647034,0.9809885931558935,0.7959515670789761,0.6928034371643395,1.2894736842105263,0.8111627967599631,17,0.003711620067263372,0.457192191036395,0.44424358010292053,25
0.04488201530612245,0.8170866370201111,0.9056847545219638,0.5983042227176826,0.6474753694581281,1.0357142857142858,0.69501228801725,21,0.03619137839673753,0.4067129941799715,0.3491693437099457,26
0.01819595025510204,0.772487223148346,0.9072847682119205,0.6228620656082561,0.6037660256410257,1.21875,0.7531382144524271,14,0.016609808075095555,0.3340306634199744,0.6724720001220703,27
0.033522002551020405,0.5323348641395569,0.9501312335958005,0.7466820410969045,0.6126692456479691,1.0681818181818181,0.7596195198948534,16,0.01219532307815108,0.4053396584684833,0.8993669152259827,28
0.03005420918367347,0.15908032655715942,0.9846956521739131,0.8763646704895954,0.7602040816326531,1.2894736842105263,0.6564107479702082,18,0.0025895023725093294,0.311729193576233,0.408356249332428,29
0.012496014030612245,0.19840531051158905,0.975,0.833431346501939,0.6620370370370371,1.125,0.7618875749122979,11,0.0024785236994017868,0.3702563080184769,0.3685741424560547,30
0.013014190051020409,0.6820961236953735,0.9614173228346456,0.793523264008384,0.6578663793103449,1.103448275862069,0.6704666040556717,14,0.004229520541765238,0.3612757734063867,0.8587306141853333,31
0.025948660714285716,0.20481018722057343,0.956243854473943,0.5432713717669284,0.7235863095238095,3.0476190476190474,0.9488322670598778,22,0.004019894159228769,0.33436223237549495,0.6416755318641663,32
0.03278459821428571,0.17364482581615448,0.9857997010463379,0.8976958172748163,0.7481565513329552,1.048780487804878,0.5061265187242723,18,0.002293559244222549,0.4595801893623176,0.39998361468315125,33
0.038404815051020405,0.7935515642166138,0.9744897959183674,0.836985363943622,0.7215555555555555,1.1111111111111112,0.6406256927812186,26,0.00419252765072939,0.21460609584238122,0.2963649034500122,34
0.050681600765306124,0.6871030330657959,0.9826900584795322,0.8691647633817035,0.733927323549965,1.0188679245283019,0.5797024998869338,28,0.0025895023725093294,0.2714302266449876,0.39263641834259033,35
0.028878348214285716,0.7720887064933777,0.9841059602649007,0.8990481332813914,0.7520242914979757,1.0263157894736843,0.3076778183158168,18,0.0024785236994017868,0.25307308423997193,0.44019564986228943,36
0.021544164540816327,0.26976847648620605,0.9700977573317999,0.5749263081893278,0.482275586049171,1.606060606060606,0.9474114013207074,15,0.0024908546630804025,0.24141941036746592,0.7899422645568848,37
0.04235092474489796,0.20870718359947205,0.9845528455284552,0.8223226307853719,0.7208333333333333,1.4285714285714286,0.7918519151107288,21,0.0024785236994017868,0.32893226463024666,0.4382328987121582,38
0.03364158163265306,0.23271849751472473,0.9804479203697121,0.885623052633384,0.7458085451595458,1.0,0.24374195076168725,23,0.0024785236994017868,0.34229164015498437,0.7169977426528931,39
0.03176817602040816,0.0726100504398346,0.9784366576819407,0.8616074528403044,0.721875,1.1,0.551288672023519,19,0.004106210904979079,0.21053463897480942,0.35110732913017273,40
0.05078125,0.7089279294013977,0.9847567809908092,0.8800883067746093,0.7471088435374149,1.2244897959183674,0.5842337742425444,24,0.0024785236994017868,0.3767446749356769,0.43022459745407104,41
0.01504703443877551,0.005998598877340555,0.876657824933687,0.5908433718692914,0.6160298229263746,1.2758620689655173,0.7668350737997018,12,0.02215874173047269,0.2717172979847002,0.22626779973506927,42
0.02897799744897959,0.19082406163215637,0.9220556745182013,0.6097103080175713,0.5520512820512821,1.2820512820512822,0.895808431547628,14,0.011948703804578763,0.18750528296827448,0.6483021378517151,43
0.036232461734693876,0.7565338611602783,0.8567164179104477,0.41659352224880014,0.427546045503792,1.3653846153846154,0.9337884189659783,19,0.024218012664801537,0.22291844373456324,0.39742469787597656,44
0.02596859056122449,0.7438709139823914,0.9706762417713943,0.5811410209393438,0.735934664246824,3.0526315789473686,0.9488177995315835,15,0.0027374739366527196,0.048524670831378305,0.5777291655540466,45
0.03950095663265306,0.7698818445205688,0.9860999732691793,0.8384482587214941,0.6960377358490566,1.06,0.7643718178344077,19,0.0023428830989370123,0.2795899536089876,0.3756655156612396,46
0.020806760204081634,0.19824573397636414,0.9706371191135734,0.8266566608748578,0.6985645933014354,1.1515151515151516,0.6690062037701022,14,0.0038225987403709147,0.15218640569275366,0.7160096764564514,47
0.038763552295918366,0.745133101940155,0.9853491271820449,0.8582302286892297,0.7562200956937799,1.4473684210526316,0.727326726265068,20,0.002293559244222549,0.33625757426887165,0.36206501722335815,48
0.046177455357142856,0.7723718881607056,0.9862139392392136,0.8068876424762751,0.7080278592375366,1.4090909090909092,0.8176545577855779,21,0.002293559244222549,0.27944876277960723,0.2894812226295471,49
0.04223134566326531,0.25622302293777466,0.9836609650242533,0.8934403073427861,0.7706,1.0,0.1110903652865533,18,0.003711620067263372,0.3791547397512337,0.3386569917201996,50
0.02018893494897959,0.7596692442893982,0.9299943084803642,0.5246947309655364,0.48172169811320753,1.65625,0.9416310348962748,13,0.00865633650238833,0.24860364186869105,0.4595327377319336,51
0.03001434948979592,0.6958500742912292,0.9032567049808429,0.6366247992519227,0.6713336497389654,1.1395348837209303,0.6167498909556207,16,0.02943401030085604,0.34897337387871696,0.47041091322898865,52
0.017020089285714284,0.8453847765922546,0.9709697344039531,0.8201656805272345,0.7325256290773532,1.2758620689655173,0.6514186969124832,16,0.003995232231871536,0.17730090451657884,0.3710741102695465,53
0.030412946428571428,0.7504408955574036,0.956029603831084,0.6544902033219293,0.6654545454545454,1.8333333333333333,0.8900023169509274,18,0.004328168251194165,0.15298082531710247,0.2889367938041687,54
0.029316804846938774,0.5734468698501587,0.9825473449684367,0.8850899329986442,0.7517045454545455,1.1,0.48059148025703274,22,0.001997616115935768,0.36995049145871384,0.6850199699401855,55
0.012675382653061224,0.8574670553207397,0.9733905579399141,0.7458426880653285,0.5955882352941176,1.2142857142857142,0.868699220497285,14,0.002293559244222549,0.029760113898862774,0.39928099513053894,56
0.01793686224489796,0.9013513922691345,0.8201084277969443,0.42126603799608203,0.5484508899143046,1.1081081081081081,0.551374313698849,14,0.04092646844932602,0.12638668358101407,0.3863781690597534,57
0.02307876275510204,0.7548768520355225,0.9774164408310749,0.7624655201401643,0.6189931350114416,1.2105263157894737,0.853638326061333,17,0.0025648404451520976,0.2264242279565879,0.6414980292320251,58
0.04705436862244898,0.1032266691327095,0.9733934611048478,0.8121498728556195,0.6885167464114833,1.0363636363636364,0.6845959548855233,24,0.009186567940568812,0.37414052935312025,0.329897940158844,59
0.03846460459183673,0.2332848608493805,0.9176821686147725,0.5924490695268226,0.6275510204081632,1.2244897959183674,0.558837010708284,16,0.033478566387442045,0.2484932594564336,0.7065304517745972,60
0.05100047831632653,0.7364177703857422,0.9417978458989229,0.6525674558537571,0.6433220147142049,1.087719298245614,0.7367196447874,20,0.025821037943021596,0.39670773217077576,0.38129156827926636,61
0.0359733737244898,0.7041035294532776,0.974430932335516,0.7724012222431987,0.705736224028907,1.3170731707317074,0.7928574836060625,18,0.0041432037960149265,0.26153934791091943,0.6657816171646118,62
0.015644929846938774,0.37038782238960266,0.8860606060606061,0.5952596758672405,0.6011513157894737,1.1875,0.5893968275919397,11,0.017164701440633267,0.23206627345529846,0.37345990538597107,63
0.02391581632653061,0.5211967825889587,0.9779715465810005,0.8710453218209205,0.7610714285714286,1.1428571428571428,0.4825620498797954,16,0.00389658452244261,0.18882882313601324,0.32026976346969604,64
0.00860969387755102,0.8144417405128479,0.9815270935960592,0.8628063254153278,0.7028218694885362,1.2857142857142858,0.7399081178431406,9,0.002293559244222549,0.4170998517861841,0.5568115711212158,65
0.03766741071428571,0.8013888597488403,0.9268542199488491,0.6688516609625587,0.635343618513324,1.3478260869565217,0.7535302276178764,19,0.021098278854111727,0.2550361626725669,0.2947947084903717,66
0.027762276785714284,0.7125030755996704,0.911860718171926,0.642037687973964,0.6446153846153846,1.2820512820512822,0.5999433843836074,15,0.017164701440633267,0.11634839398201076,0.3714374899864197,67
0.050283003826530615,0.35873836278915405,0.9463762044407206,0.7193513745367699,0.6723214285714286,1.0714285714285714,0.30083469511563676,19,0.014427227503980549,0.13631743831710777,0.2856993079185486,68
0.01789700255102041,0.9680550694465637,0.9301760777170613,0.7125848207309489,0.6335814722911497,1.2580645161290323,0.6584283279083222,13,0.013551729082798824,0.22832979121159758,0.30198097229003906,69
0.0301937181122449,0.025859909132122993,0.9648278415401703,0.6798192636642905,0.634990253411306,1.5833333333333333,0.8842098050483961,22,0.003921246449799841,0.41744238330705824,0.26367634534835815,70
0.033482142857142856,0.26694610714912415,0.9808682855040471,0.7908254183087171,0.6797552269250382,1.4324324324324325,0.8234197851906309,19,0.0024785236994017868,0.4164950936652988,0.4629642069339752,71
0.03182796556122449,0.8205271363258362,0.8406363382640245,0.4198551008543123,0.6295986622073578,1.1304347826086956,0.2625345897720219,16,0.06931234683749972,0.36073155321060174,0.6367747783660889,72
0.013293207908163265,0.24091750383377075,0.9594827586206897,0.8204042931479143,0.6853448275862069,1.0357142857142858,0.46869768254136973,12,0.0035759794667985976,0.10279222363737643,0.4383630156517029,73
0.03997927295918367,0.0017853030003607273,0.9825913242009132,0.8820170080965775,0.7325531914893617,1.0638297872340425,0.5641437518508174,17,0.0033293601932262804,0.15216126315254716,0.09912052005529404,74
0.026606345663265307,0.14371512830257416,0.9771402958314657,0.8758755790709294,0.7166337935568705,1.0,0.38092498729533053,18,0.0027374739366527196,0.2780424322646389,0.5421478152275085,75
0.02774234693877551,0.7972938418388367,0.9830443159922929,0.8864458304455726,0.7432983682983683,1.1282051282051282,0.5698855811558362,20,0.0024785236994017868,0.35219329317048986,0.3891448974609375,76
0.021783322704081634,0.2339305877685547,0.9296835760924159,0.6711399919038425,0.6382758620689655,1.7241379310344827,0.8501013190102387,16,0.009371532395748049,0.32721232057282673,0.7322819828987122,77
0.051678093112244895,0.6860731244087219,0.9855260315402895,0.8878297228332773,0.7550479973518702,1.0754716981132075,0.4569374834545368,26,0.0024785236994017868,0.298982636176341,0.8223499059677124,78
0.04625717474489796,0.1909700483083725,0.9696903140786295,0.8127010778513594,0.6915726817042607,1.0178571428571428,0.6734812131535077,22,0.009494842032534208,0.2884867152883597,0.592229425907135,79
0.027503188775510203,0.28652527928352356,0.981038374717833,0.8764610110455199,0.7341216216216216,1.0810810810810811,0.6112951992058897,19,0.0024785236994017868,0.309714397675485,0.849761426448822,80
0.030811543367346938,0.707459032535553,0.9663558978516417,0.8112611176585147,0.7268292682926829,1.025,0.3677775309063805,19,0.004352830178551396,0.08949742142101015,0.7851676344871521,81
0.015664859693877552,0.5038355588912964,0.9705263157894737,0.7858646323900863,0.6444547996272134,1.2758620689655173,0.8063823801432438,15,0.0028237906824030304,0.21255483563234986,0.36068812012672424,82
0.02770248724489796,0.31348270177841187,0.9789303079416531,0.7540856308370656,0.6703662597114317,1.5588235294117647,0.8666723147716424,17,0.0029964241739036525,0.4048489176295801,0.8044520616531372,83
0.02676578443877551,0.7834086418151855,0.9339080459770115,0.6848851190933576,0.7118272841051314,1.3823529411764706,0.745495387079746,16,0.015105430506304422,0.3517339508061146,0.5592124462127686,84
0.011001275510204082,0.8333014249801636,0.8709122203098106,0.5777136599887098,0.5952941176470589,1.36,0.7639088419775102,9,0.016375519765201855,0.04820569509447,0.4780825078487396,85
0.0303531568877551,0.07187503576278687,0.9833774083868531,0.8428957346186939,0.7178709321566464,1.3243243243243243,0.7443462333945574,19,0.002293559244222549,0.3802555688294043,0.38558894395828247,86
0.020667251275510203,0.6796852350234985,0.975366568914956,0.7813738753282078,0.633765243902439,1.28125,0.8321729414425261,14,0.0029964241739036525,0.24160653786208097,0.8273102045059204,87
0.04334741709183673,0.14887094497680664,0.9724501758499414,0.7384338896813548,0.7041595925297114,1.631578947368421,0.8510197997561932,19,0.004081548977621848,0.19562098307937884,0.359605610370636,88
0.024852519132653062,0.7428843975067139,0.9812614259597806,0.8388741477819706,0.7292798913043478,1.4375,0.7498319547690638,17,0.0024785236994017868,0.26677743738073406,0.7287787795066833,89
0.03521603954081633,0.6679611802101135,0.981143193871538,0.8686869332318063,0.7229700390794616,1.0425531914893618,0.6079414381094852,21,0.0024785236994017868,0.3007814030152003,0.378060907125473,90
0.017697704081632654,0.7110587954521179,0.9213732004429679,0.6358945378427324,0.6190476190476191,1.3125,0.6089015073160191,15,0.01799087600710053,0.3802586522836063,0.815123438835144,91
0.029994419642857144,2.0665003830799833e-05,0.9854238588415803,0.9038025838232093,0.764128494943486,1.0,0.2883926087169323,18,0.002293559244222549,0.4149151213495995,0.06708631664514542,92
0.02977519132653061,0.5429941415786743,0.9335676625659051,0.6928626110101135,0.6351028216164515,1.2439024390243902,0.6152812138975334,16,0.016942744094418184,0.2105575695128543,0.29033681750297546,93
0.019511320153061226,0.501226544380188,0.9828178694158075,0.8953842788335172,0.7626666666666667,1.2,0.5603243970769166,11,0.001997616115935768,0.12400283275679888,0.6624370813369751,94
0.03724888392857143,0.7912719249725342,0.9234141309953584,0.6736874437563061,0.6501452432824982,1.0588235294117647,0.5413697544101836,20,0.017411320714205585,0.26150403532190325,0.2579255998134613,95
0.0390625,0.9297077059745789,0.986740672217083,0.8991254661989541,0.7561436672967864,1.0,0.4588942649778929,18,0.002293559244222549,0.1942167158482371,0.36783546209335327,96
0.021683673469387755,0.2175799310207367,0.9741784037558685,0.5909441694163303,0.45280960174577195,1.205128205128205,0.9432713702056916,15,0.0024785236994017868,0.25699270276666647,0.46892186999320984,97
0.052455357142857144,0.5026926398277283,0.9770848098275455,0.8419952186162808,0.7509077705156136,1.0588235294117647,0.35222106490015825,23,0.0038472606677281466,0.353539354639095,0.3399116098880768,98
0.03282445790816327,0.8292123675346375,0.9822222222222222,0.823137781958228,0.6787469287469288,1.1891891891891893,0.7841443832279146,18,0.002293559244222549,0.02417592696668352,0.4177415072917938,99
0.025550063775510203,0.7154300212860107,0.9787145242070117,0.8655944514198496,0.7346491228070176,1.105263157894737,0.43839172936995197,21,0.0031567267017256584,0.37159291664704297,0.37713438272476196,100
0.016442123724489797,0.746643602848053,0.9563459983831851,0.7215295903631239,0.7266584766584766,1.6818181818181819,0.8181532868342132,13,0.0038225987403709147,0.3397932202872925,0.5113021731376648,101
0.032884247448979595,0.1922980695962906,0.9376299376299376,0.7247375512435048,0.6745726495726496,1.1555555555555554,0.625980154013052,21,0.0164125126562377,0.2746853034365126,0.3181779682636261,102
0.0303531568877551,0.8558986186981201,0.9819789187351241,0.8665146451790525,0.7300303336703741,1.069767441860465,0.6514591299909495,22,0.0024785236994017868,0.0911060317718293,0.31169405579566956,103
0.03774713010204082,0.7156305909156799,0.9722061378112333,0.7503978993373664,0.6467642526964561,1.3409090909090908,0.830877775214792,24,0.003982901268192921,0.3447869519324029,0.39554524421691895,104
0.011001275510204082,0.7311789393424988,0.9481961147086031,0.7834037282999307,0.657051282051282,1.1538461538461537,0.49362989714552,12,0.00591886256573561,0.3150556090396902,0.45884570479393005,105
0.02867904974489796,0.7304069995880127,0.9180134016554986,0.6700508747267772,0.7126682986536108,1.131578947368421,0.5320813609793695,14,0.01995149923200045,0.3105782117408436,0.7111029624938965,106
0.036232461734693876,0.11626118421554565,0.9214645794640488,0.6179035787806667,0.6469821162444114,1.3863636363636365,0.7237658906333926,18,0.02287393762383241,0.09568352645384012,0.388078510761261,107
0.019989636479591837,0.21669930219650269,0.98145285935085,0.8897909961030255,0.7372291021671826,1.1176470588235294,0.5021767543495326,17,0.002293559244222549,0.388922565861163,0.4535445272922516,108
0.02379623724489796,0.36016160249710083,0.9745385105028644,0.8197670154284048,0.7388996138996139,1.3214285714285714,0.6878167396155213,13,0.0031567267017256584,0.38519311122915073,0.9135212898254395,109
0.021444515306122448,0.8220552802085876,0.9694002447980417,0.8090594231490548,0.7154471544715447,1.5185185185185186,0.7855465413625005,18,0.00267581911825964,0.21206666859617146,0.4283360540866852,110
0.019471460459183673,0.7554997205734253,0.968421052631579,0.5805891495194366,0.4997141223556318,1.606060606060606,0.9455713211802527,18,0.0024785236994017868,0.11873206759891494,0.6728781461715698,111
0.02188297193877551,0.290486603975296,0.8824833702882483,0.5770868458291293,0.5142118863049095,1.0465116279069768,0.8408366705289558,14,0.02483456084873233,0.1890935291718779,0.739371120929718,112
0.045021524234693876,0.32888031005859375,0.9528917910447762,0.6858119458393304,0.6005291005291006,1.1666666666666667,0.8461810084546577,18,0.017460644568920047,0.2545037644375465,0.39520105719566345,113
0.014947385204081632,0.26351457834243774,0.9545836837678722,0.7253579560144225,0.5961134453781513,1.2142857142857142,0.8536695207711096,12,0.006153150875629311,0.44043907537676596,0.5201932787895203,114
0.02281967474489796,0.5408729314804077,0.8007630351844002,0.4354533162185439,0.44976190476190475,1.1904761904761905,0.8761397758053677,11,0.03431707191758792,0.32797741475514813,0.3373063802719116,115
0.04974489795918367,0.22362655401229858,0.982200647249191,0.8433311034863443,0.7023140495867769,1.0,0.7218804247935515,29,0.0025895023725093294,0.34030401870651056,0.40860456228256226,116
0.019591039540816327,0.7207396626472473,0.9741239892183289,0.7427159890800866,0.6335904628330996,1.4838709677419355,0.8668377731072101,17,0.00267581911825964,0.34937443324130535,0.4114924371242523,117
0.019969706632653062,0.04873061180114746,0.9737964655697745,0.8784282119437818,0.7337006427915519,1.0,0.2642213924340773,12,0.0031567267017256584,0.3396469520666547,0.3224639892578125,118
0.023377710459183673,0.024659620597958565,0.9805779251539555,0.8657493558928622,0.742467718794835,1.2058823529411764,0.6555571961312302,17,0.0024785236994017868,0.19147622164030373,0.29461926221847534,119
0.04765226403061224,0.7612735629081726,0.9594298245614035,0.795220519423518,0.7370283018867925,1.0566037735849056,0.3753855784585972,22,0.008409717228816012,0.3220918946287581,0.2870185375213623,120
0.02800143494897959,0.16231389343738556,0.9824368825466521,0.8409200716663899,0.7521008403361344,1.457142857142857,0.7557133193680892,19,0.0024785236994017868,0.2359982190803844,0.6362121105194092,121
0.021863042091836735,0.23817019164562225,0.9750968456004427,0.7659375164925488,0.6458944281524927,1.4193548387096775,0.8508387439333432,16,0.00267581911825964,0.23085878705213295,0.7134506702423096,122
0.037189094387755105,0.6204374432563782,0.9842999038769625,0.8728041021879623,0.7529411764705882,1.275,0.6495030820546271,20,0.0025895023725093294,0.192359922671713,0.7974060773849487,123
0.028160873724489797,0.2085653841495514,0.9535060975609756,0.6013785235636966,0.5300847457627119,1.475,0.9224509374008907,20,0.0044144849969444755,0.23344342972871912,0.2976997196674347,124
0.011160714285714286,0.785068929195404,0.9559228650137741,0.7956324694246126,0.6995967741935484,1.2916666666666667,0.6945631405158065,11,0.005339307272840665,0.44238975307616,0.6299450397491455,125
0.012476084183673469,0.1443951427936554,0.9710312862108922,0.8486080284632612,0.7274305555555556,1.0,0.5205773734897976,12,0.0038225987403709147,0.3291071953490956,0.5627268552780151,126
0.025251116071428572,0.724736213684082,0.970912738214644,0.841574932990678,0.7267267267267268,1.0277777777777777,0.21084090291591456,17,0.0032430434474759696,0.04686250825744813,0.332444965839386,127
0.020627391581632654,0.20426155626773834,0.9816420193778684,0.8174488170785764,0.6684027777777778,1.1111111111111112,0.7971463876887876,16,0.001997616115935768,0.07267921415100953,0.6356650590896606,128
0.020208864795918366,0.7368678450584412,0.9551856594110115,0.7784269690500215,0.6475694444444444,1.125,0.774169120621447,12,0.008483703010887708,0.01749325167807099,0.38562989234924316,129
0.02419483418367347,0.6720610857009888,0.9603825136612022,0.8341339367888803,0.6892156862745098,1.1333333333333333,0.4793760942639037,17,0.0035019936847269025,0.3377781501564112,0.34887468814849854,130
0.024573501275510203,0.7888087630271912,0.9783677482792527,0.8650486139728559,0.746996996996997,1.0277777777777777,0.4217806589612545,13,0.0031567267017256584,0.21970018951470677,0.3297902047634125,131
0.0323860012755102,0.7624186873435974,0.9540551338393928,0.6240928899836833,0.6749576031656302,2.103448275862069,0.9115162998782892,16,0.00434049921487278,0.32123331575149483,0.33989572525024414,132
0.023158482142857144,0.12425461411476135,0.981520591341077,0.7744322578784161,0.6735507246376812,1.5333333333333334,0.8545138974272684,14,0.0023428830989370123,0.11020690944834727,0.4941393733024597,133
0.03228635204081633,0.1448347270488739,0.9851124485270827,0.8738375624621084,0.7404761904761905,1.1904761904761905,0.6551398967286487,19,0.0023428830989370123,0.3560734540387072,0.36292561888694763,134
0.036611128826530615,0.1582145392894745,0.984122401847575,0.8920826890022714,0.755540780141844,1.0212765957446808,0.363109651447272,26,0.0024785236994017868,0.011508465990574755,0.42596665024757385,135
0.02321827168367347,0.09471278637647629,0.9779213785675821,0.731289878193747,0.7264,2.0,0.8801567955053852,15,0.0024785236994017868,0.22645174605367527,0.3238489627838135,136
0.02353714923469388,0.7064399123191833,0.9230769230769231,0.6644021043049322,0.6,1.0256410256410255,0.7837829598769748,15,0.013761355465335292,0.4329872196793729,0.7817589044570923,137
0.02100605867346939,0.8072686791419983,0.976545842217484,0.7377329608210047,0.7189952904238619,1.8846153846153846,0.8741416637912414,16,0.0025895023725093294,0.24233644237086105,0.3726429343223572,138
0.03497688137755102,0.9082661867141724,0.9662354054906911,0.8124712465123366,0.7740141557128413,1.069767441860465,0.35398648706003566,18,0.009901763833928531,0.19117126010961719,0.37178248167037964,139
0.03539540816326531,0.7121862173080444,0.9547116736990154,0.6702859320350675,0.6926530612244898,2.0,0.8868147979335345,20,0.010949895746610878,0.28751373577207096,0.25590163469314575,140
0.02513153698979592,0.8154393434524536,0.9209104938271605,0.6050759005447709,0.6216145833333333,1.875,0.8940515041286003,15,0.01948292261221305,0.32629991371797384,0.3880746364593506,141
0.015904017857142856,0.7332152724266052,0.983453981385729,0.8500636119950392,0.6831896551724138,1.2083333333333333,0.7581488337329096,8,0.001997616115935768,0.3529820196779064,0.5180003046989441,142
0.021623883928571428,0.15598943829536438,0.9668508287292817,0.5937566761566889,0.6857366771159875,2.6363636363636362,0.9415176360230542,17,0.00267581911825964,0.27759267265586113,0.5266454219818115,143
0.028659119897959183,0.6645874381065369,0.9826302729528535,0.8803085770643715,0.75,1.2222222222222223,0.5856539483576659,18,0.002293559244222549,0.28906815563571625,0.533178985118866,144
0.043646364795918366,0.03358754515647888,0.975517890772128,0.8357235234580993,0.7442528735632183,1.2083333333333333,0.5727400788434096,23,0.004155534759693543,0.3106926930906692,0.22671464085578918,145
0.02060746173469388,0.732722818851471,0.9757442116868799,0.8472710466060372,0.727796052631579,1.1875,0.6174035196763594,12,0.005031033180875269,0.3183780672230332,0.4422833025455475,146
0.025111607142857144,0.7312263250350952,0.9746712128592304,0.8382652220703855,0.7308254200146092,1.0,0.5992419789000325,17,0.0035019936847269025,0.31996392485735725,0.3989511728286743,147
0.01905293367346939,0.04711584746837616,0.9325044404973357,0.7313202129725188,0.7146098003629764,1.3103448275862069,0.6820366657433324,15,0.007990464463743073,0.4602644873816386,0.34491369128227234,148
0.05297353316326531,0.9486365914344788,0.9636178861788618,0.7657208213673167,0.7183333333333334,1.32,0.687804004019731,21,0.01183772513147122,0.4530583175163469,0.21836553514003754,149
0.02987484056122449,0.8065579533576965,0.9831438651509212,0.8901284602546847,0.75,1.1578947368421053,0.511947590214311,18,0.0024785236994017868,0.3254536833730148,0.3714732825756073,150
0.030572385204081634,0.9895238876342773,0.93719961550785,0.6992079338051063,0.7319819819819819,1.4594594594594594,0.7791393967659845,14,0.02072834994375325,0.3571272860302753,0.21099717915058136,151
0.023018973214285716,0.06758846342563629,0.9448037947391117,0.7391972819228155,0.6704406364749081,1.131578947368421,0.3731121038643507,14,0.012478935242759243,0.060069769765390545,0.28488510847091675,152
0.036232461734693876,0.8144912719726562,0.9729332156516622,0.8173858694266426,0.7255375164545853,1.2325581395348837,0.6746622061296269,20,0.004019894159228769,0.2593889032959123,0.37568482756614685,153
0.03752790178571429,0.6913010478019714,0.9809234171965717,0.8796287292002569,0.7400917813934085,1.0851063829787233,0.4189277836076623,25,0.0025895023725093294,0.32253226920651606,0.7364003658294678,154
0.03693000637755102,0.14431625604629517,0.9734972677595628,0.8345737197684271,0.7422916666666667,1.0416666666666667,0.379779438835883,19,0.00389658452244261,0.2614531859212284,0.30362990498542786,155
0.030970982142857144,0.10386297106742859,0.9783882783882784,0.8406034596044742,0.7519707207207207,1.2972972972972974,0.6518749872984085,22,0.004167865723372159,0.2885533968711664,0.3321093022823334,156
0.04807079081632653,0.7164875268936157,0.9821466982146698,0.8724442496140205,0.7417153996101364,1.0555555555555556,0.42593044515844863,22,0.003995232231871536,0.09457724661578783,0.2537215054035187,157
0.02361686862244898,0.6771583557128906,0.9580302182428652,0.7804945288794553,0.6903225806451613,1.2903225806451613,0.7415634846107082,15,0.005573595582734366,0.4092386758579482,0.8027938008308411,158
0.03342235331632653,0.08940830081701279,0.9677097203728362,0.797934692241737,0.7453846153846154,1.2820512820512822,0.6628330548176894,17,0.0041801966870507745,0.1615891737977579,0.3251018822193146,159
0.020487882653061226,0.009569713845849037,0.9528949950932286,0.7195114716578322,0.6743055555555556,1.6,0.8099290192555437,12,0.012466604279080628,0.11263840152720819,0.22773021459579468,160
0.038763552295918366,0.056158505380153656,0.9729077253218884,0.8531357940585985,0.7256902761104442,1.0408163265306123,0.3750968996556413,21,0.0046857661978740245,0.4145901807640488,0.2742216885089874,161
0.021145567602040817,0.313640832901001,0.9766693483507642,0.8771136215620335,0.7295673076923077,1.2307692307692308,0.5639124876414392,13,0.0025895023725093294,0.27508331423303445,0.5011064410209656,162
0.015385841836734694,0.7356343865394592,0.9651162790697675,0.8399546435222326,0.7136243386243386,1.037037037037037,0.38815845261253906,12,0.0031567267017256584,0.4326837246600331,0.7442013621330261,163
0.03659119897959184,0.9432591795921326,0.9838146620120597,0.8710277953802368,0.7451923076923077,1.3,0.6411476239887077,24,0.002293559244222549,0.24158292906207304,0.35276344418525696,164
0.027283960459183673,0.06304972618818283,0.9451901565995525,0.7293168602114126,0.7386363636363636,1.1282051282051282,0.4783399614920871,17,0.012626906806902633,0.3971014117699842,0.34561648964881897,165
0.056919642857142856,0.3914925456047058,0.9860873287671232,0.8826387476495814,0.7478896103896104,1.018181818181818,0.5810512686763827,25,0.0024785236994017868,0.2560411752126577,0.84610915184021,166
0.0292171556122449,0.7430366277694702,0.9645085803432137,0.6483347961857786,0.7009637188208617,2.25,0.9087026181766689,18,0.004488470779016171,0.22934361904810277,0.36633047461509705,167
0.03942123724489796,0.41830265522003174,0.9714769839028523,0.8404375049608148,0.7312925170068028,1.0208333333333333,0.47245790677135496,20,0.0036992891035847564,0.24606581993614718,0.3853691816329956,168
0.04233099489795918,0.282409131526947,0.9693057946069994,0.8315985867926133,0.7110690235690236,1.2272727272727273,0.6150481480875151,26,0.003465000793691055,0.2803229005941318,0.701129674911499,169
0.0244937818877551,0.046784479171037674,0.9683663833805477,0.8430052537926163,0.7304131054131054,1.0833333333333333,0.3324257717721903,17,0.0038225987403709147,0.238469318027899,0.33000630140304565,170
0.020707110969387755,0.2785143554210663,0.9527363184079602,0.5710691080830514,0.7134873323397913,2.772727272727273,0.9421990722327628,16,0.0050803570355897314,0.3726984077388841,0.7288917303085327,171
0.023098692602040817,0.8015426993370056,0.9816079873883342,0.8348679414915554,0.731974921630094,1.5172413793103448,0.7636534589383883,14,0.0024785236994017868,0.26140348380894496,0.4045165181159973,172
0.015465561224489796,0.3776150345802307,0.935515873015873,0.6611127802956464,0.5849875930521092,1.1923076923076923,0.854804182819612,14,0.004994040289839421,0.4350365888440544,0.40505266189575195,173
0.05056202168367347,0.16262876987457275,0.9724,0.8131721960893191,0.7366666666666667,1.32,0.6649726402460066,22,0.004081548977621848,0.23530190311705085,0.5646904110908508,174
0.048907844387755105,0.19086016714572906,0.9864414314292065,0.8915449115916902,0.7620192307692307,1.0769230769230769,0.4690034307561104,24,0.002293559244222549,0.2884163724927627,0.2798486053943634,175
0.01670121173469388,0.7675395607948303,0.9465465465465466,0.7767089083250002,0.7099099099099099,1.2333333333333334,0.6497507311876509,15,0.007916478681671378,0.3726635100418878,0.3335992395877838,176
0.032146843112244895,0.11959271878004074,0.9786946229286438,0.8683148833615575,0.7474173553719008,1.0,0.23659532207548753,23,0.0031567267017256584,0.1782368521504446,0.30854174494743347,177
0.025091677295918366,0.08924967795610428,0.9653899400092294,0.8249888273731727,0.7086720867208672,1.1388888888888888,0.5266193708851431,19,0.0037609439219778353,0.26177423903712815,0.37081775069236755,178
0.025809151785714284,0.6099528670310974,0.9689243027888447,0.7941886145896927,0.6576527852893456,1.0,0.7715777521441253,14,0.007201282788311659,0.3310342072103607,0.8238946795463562,179
0.018933354591836735,0.6705977320671082,0.9369369369369369,0.7596445488852757,0.6558558558558558,1.2333333333333334,0.6594121058465842,14,0.006745037132202872,0.32485651173559627,0.3967020511627197,180
0.028280452806122448,0.7218340635299683,0.9776937618147448,0.7924043837558423,0.6436037829766053,1.1951219512195121,0.8060397336282861,20,0.003982901268192921,0.36675553122523896,0.7305415868759155,181
0.01287468112244898,0.8243066668510437,0.9623698959167334,0.7488390667711061,0.6768018018018018,1.5416666666666667,0.860819601427418,11,0.004994040289839421,0.06462209127919812,0.6676322221755981,182
0.021902901785714284,0.05169595777988434,0.9617486338797814,0.6292331281292104,0.6518518518518519,2.16,0.9230616309969238,15,0.004032225122907384,0.21697163790180576,0.3458311855792999,183
0.017438616071428572,0.07712759077548981,0.9654970760233919,0.8221804021332673,0.7165798611111112,1.125,0.5792856085560822,15,0.006991656405775189,0.05831001639186963,0.3565449118614197,184
0.025908801020408163,0.09345158189535141,0.9082196830077405,0.6468148754221833,0.6446886446886447,1.2564102564102564,0.6013483357398505,15,0.02072834994375325,0.1265239241295033,0.34062936902046204,185
0.01971061862244898,0.2541636526584625,0.9546742209631728,0.653351808534505,0.5506535947712419,1.3235294117647058,0.903706001195056,17,0.003514324648405518,0.12680805171827828,0.7280937433242798,186
0.03302375637755102,0.7776116728782654,0.9407231772377,0.7519626422972452,0.6477551020408163,1.0204081632653061,0.310646668414735,18,0.014254594012479927,0.27917141673981477,0.36104556918144226,187
0.04270966198979592,0.7998427152633667,0.9848326359832636,0.8670843538507927,0.7442687747035573,1.1956521739130435,0.6847006942063436,25,0.0024785236994017868,0.15944029644715513,0.40896350145339966,188
0.03696986607142857,0.2853753864765167,0.9611650485436893,0.7710725782129075,0.7145345943255351,1.1951219512195121,0.6491315099454696,22,0.004994040289839421,0.29396350285381484,0.4384232461452484,189
0.0303531568877551,0.27415719628334045,0.9739895958383353,0.8084404976718015,0.7278708133971292,1.1578947368421053,0.6465516160522008,20,0.004106210904979079,0.36994460137930707,0.37675514817237854,190
0.02002949617346939,0.7191795110702515,0.9748549323017408,0.8496735660366183,0.7390029325513197,1.064516129032258,0.3320578771552779,14,0.0035019936847269025,0.08992819336045876,0.8083927631378174,191
0.04095583545918367,0.6643421053886414,0.9680824327720533,0.7399725574260752,0.7054945054945055,1.5476190476190477,0.8239075950778526,21,0.004229520541765238,0.3379523198095899,0.2836306393146515,192
0.021444515306122448,0.17525318264961243,0.8296882270823639,0.4636747713437842,0.5700127877237852,1.3529411764705883,0.7399115072403676,17,0.03643799767030985,0.21689270854853615,0.39907005429267883,193
0.019292091836734693,0.10994453728199005,0.9803149606299213,0.7803238410577471,0.6207264957264957,1.0833333333333333,0.8429036578891032,14,0.002293559244222549,0.24654784410713165,0.48177438974380493,194
0.017916932397959183,0.6508129239082336,0.9673366834170855,0.6710202831733543,0.6832298136645962,2.130434782608696,0.914376420638758,17,0.00267581911825964,0.2845824175789836,0.4169573187828064,195
0.02268016581632653,0.6933805346488953,0.8786353467561522,0.5829553597923594,0.5950757575757576,1.4666666666666666,0.7641577553983474,13,0.022565663531867012,0.18565922911151142,0.47496989369392395,196
0.03770727040816327,0.7546393871307373,0.9833286239050579,0.8942644250165451,0.7552083333333334,1.0,0.14276950276160935,22,0.00267581911825964,0.18056463089593247,0.3740154504776001,197
0.02991470025510204,0.25502297282218933,0.9688053881602269,0.7988979292504579,0.7062015503875969,1.0465116279069768,0.6584656239681128,21,0.0041432037960149265,0.18037671895514568,0.3851723372936249,198
0.019072863520408163,0.8186933398246765,0.966131907308378,0.8356746874902843,0.6843434343434344,1.0909090909090908,0.6408256924423492,16,0.004106210904979079,0.2986846742861889,0.49045321345329285,199
0.028918207908163265,0.122796930372715,0.9318181818181818,0.6235502295594769,0.7199404761904762,1.8666666666666667,0.8711063283977915,17,0.01421760112144408,0.24745850096318886,0.4205438792705536,200
0.04157366071428571,0.7385711669921875,0.9704825462012321,0.827488264600374,0.7413725490196078,1.02,0.36712082243091876,22,0.004229520541765238,0.11928951218215243,0.2782195806503296,201
0.023636798469387755,0.7399855256080627,0.9533572526909277,0.6240011062572596,0.5073649754500819,1.205128205128205,0.9157470636683446,19,0.004155534759693543,0.2452325607181919,0.3747486174106598,202
0.03302375637755102,0.9871270656585693,0.8837410071942446,0.5149148532992818,0.5624542124542125,1.5476190476190477,0.833470116322515,13,0.021135271745147573,0.13376787731415668,0.1914159059524536,203
0.022739955357142856,0.8253059983253479,0.9675894665766374,0.808987735869972,0.7252024291497976,1.4615384615384615,0.7576191958606889,13,0.0046857661978740245,0.16094578180305383,0.32012152671813965,204
0.03148915816326531,0.7382710576057434,0.8868763902129012,0.600046129251313,0.644275161588181,1.5,0.8093405876181914,15,0.02138189101871989,0.2841406286004938,0.7699143886566162,205
0.017617984693877552,0.030534349381923676,0.9232053422370617,0.6781155274053998,0.6810344827586207,1.4482758620689655,0.7546645250430916,14,0.015783633508628294,0.3541152817037893,0.34624573588371277,206
0.04555963010204082,0.6060802340507507,0.9486696491641159,0.7231870993683936,0.7320130813953488,1.4883720930232558,0.7516287002872823,23,0.018397797808494855,0.14437675690481847,0.2943841218948364,207
0.018096301020408163,0.8878750801086426,0.9477040816326531,0.7368254181609654,0.6742286751361162,1.3103448275862069,0.737823584195101,17,0.0039459083771570735,0.2632721643009421,0.4635941982269287,208
0.01598373724489796,0.8968642950057983,0.9446778711484594,0.6190554955571023,0.6833839918946302,2.238095238095238,0.9220324098035967,13,0.004858399689374646,0.3413393253415276,0.459623783826828,209
0.02285953443877551,0.2874285876750946,0.9818696883852691,0.8162692948856484,0.7463393626184324,1.5925925925925926,0.8080871841749663,15,0.002293559244222549,0.15161855870901783,0.802995502948761,210
0.017857142857142856,0.21324360370635986,0.8504823151125402,0.5486620996570272,0.5800438596491229,1.0555555555555556,0.6328384952074076,14,0.02896543368106864,0.2344259587217893,0.5231353044509888,211
0.017040019132653062,0.2254677265882492,0.9373239436619718,0.7563165767976896,0.6133640552995392,1.1290322580645162,0.5166929144433621,15,0.006128488948272079,0.35727244277322395,0.4660949110984802,212
0.025370695153061226,0.04633541405200958,0.9599067599067599,0.7940818747974862,0.7003401360544218,1.2,0.6347205099114482,16,0.0038225987403709147,0.2637731989708323,0.30567651987075806,213
0.03902264030612245,0.2585695683956146,0.9715460006323111,0.8077301682295791,0.7173202614379085,1.2142857142857142,0.6984618064511069,20,0.0049570473988035735,0.13888214112900973,0.39878907799720764,214
0.021205357142857144,0.009579620324075222,0.9803921568627451,0.8855657831758017,0.7341269841269841,1.0285714285714285,0.50392225226394,17,0.0024785236994017868,0.2739866737183397,0.26359885931015015,215
0.03872369260204082,0.37760958075523376,0.9855112844803566,0.8926915433786347,0.7538363171355499,1.108695652173913,0.4635991899818304,22,0.002293559244222549,0.3880026771768399,0.8412024974822998,216
0.01518654336734694,0.1706186980009079,0.9149363697253852,0.6977115984984904,0.6294930875576037,1.1290322580645162,0.7359909981642218,13,0.010715607436717177,0.1352614302466751,0.4359389543533325,217
0.02867904974489796,0.18700610101222992,0.9778468713563934,0.6778782516789669,0.6353535353535353,1.8181818181818181,0.9118531834283381,19,0.0025895023725093294,0.24548728194695071,0.3668419122695923,218
0.02672592474489796,0.28883394598960876,0.979089219330855,0.8660224620872952,0.7492887624466572,1.027027027027027,0.3424957613699928,16,0.0031567267017256584,0.3705103182242297,0.4200478196144104,219
0.03790656887755102,0.6412733793258667,0.9778420038535646,0.7048620939080875,0.5806636155606407,1.2391304347826086,0.8954897753405456,17,0.004019894159228769,0.37213787883133326,0.8478179574012756,220
0.01171875,0.19289077818393707,0.9689366786140979,0.8336189065384116,0.6826599326599326,1.2272727272727273,0.7281266918560717,13,0.0024785236994017868,0.32957151580052996,0.6199581623077393,221
0.030612244897959183,0.7441949248313904,0.9615528182157521,0.7271292435441871,0.6086956521739131,1.0,0.843958454018629,18,0.003711620067263372,0.12407347162533036,0.3215401768684387,222
0.03639190051020408,0.675475001335144,0.9285714285714286,0.6182543574719029,0.5797598627787307,1.0377358490566038,0.8352859517132256,20,0.022023101130007914,0.3228422219090905,0.8151505589485168,223
0.016063456632653062,0.12429898232221603,0.9006944444444445,0.645892175388763,0.6537298387096774,1.032258064516129,0.5322482102231941,9,0.018965022137711184,0.2774217102388146,0.5257536768913269,224
0.014449139030612245,0.5730845332145691,0.9597457627118644,0.7971495875853708,0.7306451612903225,1.0333333333333334,0.13244421352755298,16,0.003995232231871536,0.2899665620671267,0.36213192343711853,225
0.015286192602040817,0.6540032029151917,0.8948824343015215,0.5624989479803395,0.6126893939393939,1.03125,0.615340362950723,12,0.019347282011748276,0.2110958663625935,0.83109450340271,226
0.022002551020408163,0.344969242811203,0.9377612633534603,0.5639408224151303,0.6512903225806451,2.48,0.9367011413513251,15,0.007768507117527988,0.10449793563355624,0.4423049986362457,227
0.015027104591836735,0.9644856452941895,0.8972278566599053,0.5635088728640368,0.5913547237076648,1.0303030303030303,0.7249483401705957,15,0.014969789905839647,0.12934605207664285,0.3823655843734741,228
0.0401985012755102,0.0913977399468422,0.9728583545377438,0.8211150055593986,0.7333759590792839,1.108695652173913,0.485809865327769,22,0.004562456561087866,0.33780549283477923,0.3290005624294281,229
0.009785554846938776,0.03041284903883934,0.9752604166666666,0.8363690742823113,0.6513043478260869,1.0869565217391304,0.7628828406341478,11,0.001997616115935768,0.36741926435328415,0.4486558735370636,230
0.01682079081632653,0.17706327140331268,0.9727126805778491,0.7095449626291304,0.7214285714285714,2.1,0.8921969477365626,16,0.002293559244222549,0.377810237935012,0.6926890015602112,231
0.02401546556122449,0.7003284692764282,0.8933506044905009,0.49042420838554157,0.5597943722943723,2.357142857142857,0.9378229089566215,12,0.016585146147738324,0.1877753807985554,0.4693151116371155,232
0.0243343431122449,0.3418182134628296,0.930126582278481,0.7046705390094721,0.6979483282674772,1.6785714285714286,0.8268005504076896,14,0.009556496850927286,0.3711854924052767,0.5484766960144043,233
0.03224649234693878,0.8015076518058777,0.9229390681003584,0.6809602339217535,0.665374677002584,1.255813953488372,0.7568188344381879,16,0.013280447881869275,0.32110824959223855,0.3139757215976715,234
0.03268494897959184,0.09652101993560791,0.9860273102572246,0.8376729877380713,0.6974393530997305,1.2619047619047619,0.776773996557409,18,0.0024785236994017868,0.24227606263896065,0.3173503875732422,235
0.011220503826530613,0.3219143748283386,0.9776195320447609,0.893986959613059,0.7392307692307692,1.04,0.33851786518461835,12,0.001997616115935768,0.2382978879340303,0.4669077694416046,236
0.015505420918367346,0.2111787497997284,0.9866028708133971,0.9140750145904517,0.7625739644970414,1.0,0.1460571281586693,9,0.001997616115935768,0.3386996407524931,0.5229355096817017,237
0.04844945790816327,0.7492470741271973,0.9785014899957428,0.8136738145905358,0.7350495682763032,1.1132075471698113,0.6498181429019967,18,0.004562456561087866,0.11843034173767522,0.5701065063476562,238
0.020487882653061226,0.19377155601978302,0.9717090069284064,0.6147502743999961,0.6375,2.2916666666666665,0.934976405669161,16,0.00267581911825964,0.2128738556529874,0.660067617893219,239
0.015904017857142856,0.7440165877342224,0.9645390070921985,0.6670093150577693,0.5194444444444445,1.1111111111111112,0.9038382754615149,15,0.005684574255841909,0.34683368388914465,0.7264665961265564,240
0.02184311224489796,0.08999058604240417,0.9759568204121688,0.6459349526702173,0.4911111111111111,1.0,0.9250408903617913,17,0.0024785236994017868,0.3150064591159646,0.4167001247406006,241
0.035654496173469385,0.7013561725616455,0.9811764705882353,0.8185280665546762,0.6926910299003323,1.302325581395349,0.7865804918298898,23,0.0024785236994017868,0.15647266768783852,0.7261778116226196,242
0.027323820153061226,0.7504332065582275,0.8846469622331691,0.5761862255495355,0.6111741349971639,1.048780487804878,0.7390535420908237,11,0.027140451056633496,0.32766014726215664,0.4401577115058899,243
0.030811543367346938,0.20944152772426605,0.9866977053541736,0.8974689545727842,0.75,1.069767441860465,0.5273366912354585,19,0.002293559244222549,0.11194380110234038,0.3626151978969574,244
0.02361686862244898,0.11893942952156067,0.9348565872630044,0.6600643297901718,0.6631034482758621,1.7241379310344827,0.8358446033559854,16,0.01067861454568133,0.1348274396848915,0.40103277564048767,245
0.02138472576530612,0.8149045705795288,0.9476096922069417,0.7313383436629399,0.6787054409005628,1.5769230769230769,0.8223626488386734,16,0.004019894159228769,0.17589949045882255,0.3940120339393616,246
0.009088010204081632,0.15710172057151794,0.9479905437352246,0.8368611657079984,0.6683333333333333,1.0416666666666667,0.34943811408716396,12,0.0032430434474759696,0.05688500774768892,0.44863754510879517,247
0.026088169642857144,0.7986286282539368,0.9828881469115192,0.8804310561147837,0.7433712121212122,1.2222222222222223,0.6037352913502949,16,0.0024785236994017868,0.16613338372098355,0.3934144377708435,248
0.03850446428571429,0.27151405811309814,0.9408333333333333,0.7240654890245144,0.6946267432321575,1.1521739130434783,0.656720689616242,19,0.018570431299995475,0.3244293185019097,0.41549152135849,249
0.015465561224489796,0.03790554404258728,0.9694757796947578,0.8434236928603479,0.6957142857142857,1.1666666666666667,0.6389567656689179,16,0.0036992891035847564,0.3190873472925644,0.3454996347427368,250
0.026167889030612245,0.8846933841705322,0.9387113672079623,0.5351302680801939,0.5973333333333334,2.4,0.9477358008268234,20,0.004106210904979079,0.1843449761529685,0.3450666666030884,251
0.024553571428571428,0.0640006959438324,0.9808917197452229,0.7222334355813262,0.6349325337331334,1.5862068965517242,0.8900039463598393,13,0.002293559244222549,0.3142200831799094,0.5436164140701294,252
0.034478635204081634,0.009969138540327549,0.9822012350163458,0.8830123412214347,0.7486157253599114,1.0238095238095237,0.4855321156835457,17,0.0031567267017256584,0.30216512334548323,0.22743669152259827,253
0.038783482142857144,0.14691583812236786,0.9759106933019976,0.8322373529925544,0.7461814914645103,1.2619047619047619,0.6376796743336326,23,0.004069218013943231,0.2510274139622079,0.5648503303527832,254
0.034677933673469385,0.21162189543247223,0.9826989619377162,0.8864251620766831,0.7505285412262156,1.0232558139534884,0.5212085501791016,22,0.0025895023725093294,0.32462158143822234,0.6818132996559143,255
0.012057557397959183,0.7617571949958801,0.96900826446281,0.8674610376057125,0.6937869822485208,1.0,0.4549913857789398,15,0.0024785236994017868,0.3392010165123193,0.7714420557022095,256
0.03481744260204082,0.23224589228630066,0.9822235613136487,0.8595785155466256,0.7609710550887021,1.2142857142857142,0.5797615445020756,19,0.0038225987403709147,0.14523251068713192,0.3441978096961975,257
0.03103077168367347,0.249164879322052,0.9588419951168469,0.6736540373779187,0.6828117237953304,1.8484848484848484,0.8876145249168782,16,0.008791977102853104,0.3715874936091297,0.49036791920661926,258
0.019969706632653062,0.7880948185920715,0.9374331550802139,0.7546533713945147,0.6784055727554179,1.1176470588235294,0.589658717470679,15,0.012688561625295714,0.0878986447625832,0.4314197897911072,259
0.03533561862244898,0.3627118766307831,0.9835779175401816,0.8859224031398708,0.7447089947089947,1.0714285714285714,0.49829632075606956,19,0.0024785236994017868,0.14979979470199217,0.38806799054145813,260
0.035813934948979595,0.24805760383605957,0.9493710691823899,0.6901914423014819,0.6762992831541219,1.7222222222222223,0.8205994190393748,18,0.011171853092825963,0.4735661745986915,0.36525508761405945,261
0.041693239795918366,0.7875489592552185,0.9788082772375966,0.8567665617655769,0.7262301146873844,1.0392156862745099,0.5726969529418554,23,0.004019894159228769,0.20467036980850983,0.29860880970954895,262
0.029815051020408163,0.2513618767261505,0.8870162297128589,0.5919678530445676,0.6392262708052182,1.4615384615384615,0.7242512503515123,16,0.032492089293152775,0.1726314863389648,0.6246161460876465,263
0.0263671875,0.18390841782093048,0.9574632637277649,0.6818158102390629,0.6557203389830508,1.84375,0.8881259073369207,18,0.009186567940568812,0.15986070265086477,0.42690184712409973,264
0.018435108418367346,0.7795242071151733,0.8133270321361059,0.46638976248755326,0.5014568764568764,1.1282051282051282,0.646094739521645,11,0.028755807298532172,0.2591103938595289,0.33447974920272827,265
0.02174346301020408,0.0007007918902672827,0.9785,0.7936975109568833,0.6589225589225589,1.3636363636363635,0.8227655533471134,17,0.00267581911825964,0.4753730073616386,0.10775991529226303,266
0.04669563137755102,0.20452259480953217,0.9763726372637264,0.7915962746210053,0.7470730027548209,1.5,0.7438129790742387,22,0.004106210904979079,0.3483168189620165,0.6680456399917603,267
0.06429368622448979,0.6093425154685974,0.9872913505311077,0.8802406740851421,0.7484900776531492,1.0701754385964912,0.6198959543605503,25,0.0024785236994017868,0.15692286721804408,0.29516127705574036,268
0.03872369260204082,0.75335294008255,0.9828424363740349,0.8898694024489852,0.7458767361111112,1.0,0.15217036264214603,27,0.0025895023725093294,0.2551836121207694,0.34600892663002014,269
0.01805644132653061,0.7749893069267273,0.9659300184162063,0.8542098494472713,0.6956233421750663,1.1153846153846154,0.47277977141826505,10,0.003785605849335067,0.26069158782260055,0.5005305409431458,270
0.026088169642857144,0.7162430286407471,0.9713150926743159,0.8379338586312306,0.6882426516572858,1.0512820512820513,0.5528954582736466,15,0.006646389422773945,0.18898025719069242,0.39937037229537964,271
0.011220503826530613,0.02792653627693653,0.9563679245283019,0.7607866870838255,0.6238461538461538,1.04,0.7936828481277499,15,0.0031567267017256584,0.38048250353781127,0.3710049092769623,272
0.04928651147959184,0.7583638429641724,0.9880148180431466,0.8709853518613252,0.7700407608695652,1.391304347826087,0.6981500406556835,23,0.002293559244222549,0.264468355820966,0.3308046758174896,273
0.02947624362244898,0.022709179669618607,0.9248149590962212,0.6776147382386881,0.727328431372549,1.59375,0.8007157666067354,13,0.017559292278348976,0.376000347271937,0.31481775641441345,274
0.018973214285714284,0.7817341089248657,0.8718074656188605,0.5257983462633661,0.6214985994397759,1.8214285714285714,0.8557937211312082,14,0.029840932102250365,0.38433915493434534,0.5271328091621399,275
0.031349649234693876,0.7832667827606201,0.9613911933631142,0.8005149242270014,0.6987476808905381,1.1136363636363635,0.3524459885872103,19,0.008089112173172,0.2601985417549878,0.2909955382347107,276
0.02086654974489796,0.0729730948805809,0.9636258660508084,0.8071567907962549,0.7243923611111112,1.125,0.44936917503318813,18,0.006313453403451317,0.3798296139465866,0.38238418102264404,277
0.034299266581632654,0.2464037537574768,0.9727330374128091,0.8213733527936458,0.7134883720930233,1.1627906976744187,0.6120333168985843,20,0.0046857661978740245,0.13434464075093772,0.5824527740478516,278
0.04251036352040816,0.21726322174072266,0.9842726081258192,0.8105502979070909,0.7333984375,1.6,0.8062008126639675,23,0.0024785236994017868,0.22810727131683256,0.38127464056015015,279
0.026506696428571428,0.10752782970666885,0.9528487229862476,0.7669040075762549,0.6736111111111112,1.125,0.7468531569250694,15,0.009470180105176976,0.37628109942929594,0.39433401823043823,280
0.02614795918367347,0.7517053484916687,0.9772410589874594,0.775440532298018,0.7146739130434783,1.4375,0.8226931180765109,17,0.0031567267017256584,0.14892063955791585,0.6521558165550232,281
0.031907684948979595,0.20083220303058624,0.9694464414090582,0.8065002306849127,0.6997924234561494,1.146341463414634,0.6855230081884858,19,0.003995232231871536,0.09505318491330073,0.3771822452545166,282
0.016661352040816327,0.07311931997537613,0.9619921363040629,0.5944141847086752,0.5756862745098039,2.04,0.9417759296498369,12,0.0038225987403709147,0.22303785206946833,0.49790066480636597,283
0.03627232142857143,0.001746244030073285,0.932398316970547,0.6615424750494363,0.7072340425531914,1.0638297872340425,0.6370234583406809,20,0.020099470796143843,0.16549665555742948,0.0891076922416687,284
0.03378109056122449,0.1957816183567047,0.9296555750145943,0.6466059780747265,0.7291666666666666,1.435897435897436,0.7556091914541295,20,0.015783633508628294,0.14495916403369768,0.3610759675502777,285
0.02325813137755102,0.9166993498802185,0.9477611940298507,0.7121958224622773,0.6453252032520326,1.1388888888888888,0.8028451230945852,15,0.011159522129147347,0.42381983905926535,0.4809250235557556,286
0.01988998724489796,0.17568255960941315,0.9638105375199574,0.7037785477388661,0.7255608974358975,1.8461538461538463,0.8632514833209439,16,0.004562456561087866,0.2522371287789483,0.6110848188400269,287
0.020089285714285716,0.6452862620353699,0.9375,0.7471882814740646,0.6557724957555179,1.2258064516129032,0.6061611409042745,14,0.006609396531738098,0.2595887479806897,0.3624521791934967,288
0.03667091836734694,0.7369577884674072,0.9823247453565009,0.7919022829045546,0.7555299539170507,1.7714285714285714,0.8330526400262723,21,0.0025895023725093294,0.28179704575516984,0.40773287415504456,289
0.033302774234693876,0.8144029974937439,0.9841328413284133,0.8393446000618243,0.7263071895424836,1.4166666666666667,0.773443288819036,18,0.0025895023725093294,0.17440660712986003,0.417808473110199,290
0.05004384566326531,0.3616142272949219,0.9053788771103258,0.6530385369161695,0.6421609579504316,1.105263157894737,0.3103710006670994,19,0.030889064014932716,0.1761511237530984,0.9124041795730591,291
0.04342713647959184,0.7764681577682495,0.9851927495532296,0.8948315977253599,0.7566666666666667,1.02,0.2098348372103448,23,0.0024785236994017868,0.23654152724841493,0.3371524512767792,292
0.021922831632653062,0.021364154294133186,0.9824150058616647,0.8744260054476113,0.7350877192982456,1.2666666666666666,0.663181225292012,13,0.002293559244222549,0.2997056355091962,0.3117515742778778,293
0.03892299107142857,0.7641437649726868,0.953760162601626,0.7227523983168473,0.6307123655913979,1.2916666666666667,0.776173205724781,20,0.012096675368722153,0.2685543138008309,0.25512829422950745,294
0.030711894132653062,0.055982593446969986,0.9774759854256376,0.8048408242273969,0.6831018518518519,1.35,0.7947421708768675,22,0.003465000793691055,0.4272862274101332,0.3423074185848236,295
0.04157366071428571,0.1152198538184166,0.9715384615384616,0.840826588850274,0.7429411764705882,1.02,0.20027749090003044,17,0.00389658452244261,0.41368058614056635,0.35023245215415955,296
0.03673070790816327,0.8361130952835083,0.9647983595352017,0.8213569886607112,0.6838662790697675,1.1162790697674418,0.46127295053262496,23,0.0066710513501311765,0.32057496921839984,0.3783065676689148,297
0.025550063775510203,0.8761319518089294,0.9769439421338155,0.8489323527997509,0.6935173299101413,1.0789473684210527,0.6947374507992593,23,0.0025895023725093294,0.3227328879361155,0.42602118849754333,298
0.02321827168367347,0.2565597891807556,0.9761363636363637,0.8106142370907566,0.6758457907159717,1.3225806451612903,0.7908578695957997,17,0.0024785236994017868,0.18379595649174513,0.7268745303153992,299
0.04862882653061224,0.776301920413971,0.9859968881973772,0.8828527133932911,0.751864406779661,1.18,0.6038629226480511,24,0.0025895023725093294,0.313137719003918,0.35585448145866394,300
0.052036830357142856,0.024394625797867775,0.9842426629899547,0.8735762461488961,0.7314110070257611,1.0892857142857142,0.6136201238432083,26,0.00267581911825964,0.2272226606225274,0.2491665631532669,301
0.019331951530612245,0.19270984828472137,0.9634146341463414,0.6697082562581126,0.6961966604823747,2.227272727272727,0.9146188704129011,13,0.0028237906824030304,0.3069768246616685,0.4789394736289978,302
0.04253029336734694,0.6757452487945557,0.9858012170385395,0.8738855853646428,0.7617554858934169,1.3181818181818181,0.6552033194577397,26,0.002293559244222549,0.13992467472013975,0.8347555994987488,303
0.018574617346938774,0.8505367636680603,0.9815668202764977,0.8890345544646359,0.7376623376623377,1.0606060606060606,0.45577831117662687,13,0.0025895023725093294,0.1917159982440507,0.4406473636627197,304
0.04300860969387755,0.7851346731185913,0.9851851851851852,0.8935772497280664,0.7480043541364296,1.0192307692307692,0.28753263498588194,23,0.0024785236994017868,0.24824466308222848,0.3258441090583801,305
0.05014349489795918,0.12427560985088348,0.9146841673502871,0.6176978976913327,0.6636904761904762,1.0714285714285714,0.6175940232275844,19,0.029273707773034036,0.09838664238116439,0.32716134190559387,306
0.04583864795918367,0.9025939702987671,0.9822457920221351,0.8672387890003278,0.7395833333333334,1.25,0.6405164899142374,26,0.00267581911825964,0.06786139419442176,0.2965518832206726,307
0.04956552933673469,0.7436419129371643,0.9846345514950167,0.8641822971674555,0.7648387096774194,1.24,0.6334360492934403,24,0.00469809716155264,0.28863329041557295,0.7261821627616882,308
0.02698501275510204,0.8991305232048035,0.9748917748917749,0.6693257766607537,0.6950617283950618,2.2222222222222223,0.9132614204009285,18,0.00267581911825964,0.3381936242878815,0.40050867199897766,309
0.01829559948979592,0.7817487716674805,0.955703211517165,0.6896783357747477,0.7044897959183674,1.96,0.876440888880334,15,0.004019894159228769,0.2279933849967681,0.33459267020225525,310
0.014847735969387755,0.8207253217697144,0.9681881051175657,0.8441096012909425,0.72840790842872,1.0,0.34386152891954963,14,0.003785605849335067,0.45761399238856026,0.3165547847747803,311
0.014787946428571428,0.18808139860630035,0.9613138686131387,0.6739046721884234,0.5628205128205128,1.3,0.9037861082134256,11,0.0031567267017256584,0.3243898175926133,0.70204758644104,312
0.02610809948979592,0.26684486865997314,0.9309185959671397,0.7253428879671104,0.635969387755102,1.225,0.5829923779232813,15,0.015401373634591202,0.31840425543252127,0.6474647521972656,313
0.02321827168367347,0.7752005457878113,0.980522355024347,0.7457401481926081,0.587221633085896,1.1219512195121952,0.872410381930636,17,0.0024785236994017868,0.3155465450256313,0.6488590240478516,314
0.021922831632653062,0.1423957794904709,0.8860360360360361,0.5306611165477573,0.4977226720647773,1.368421052631579,0.8733896142554923,11,0.01784290444295714,0.2662688847688192,0.5683920383453369,315
0.031927614795918366,0.6301941871643066,0.9749285940971121,0.8497927837057583,0.7492682926829268,1.2195121951219512,0.5496327525575333,17,0.007916478681671378,0.4745518304670398,0.8222349882125854,316
0.03537547831632653,0.06375950574874878,0.9256333424135113,0.7049901132948391,0.6542164035425491,1.0816326530612246,0.6843367661347404,14,0.018928029246675335,0.2973450959105768,0.2959359884262085,317
0.025051817602040817,0.9467976689338684,0.9570644033949076,0.6935718783654585,0.5572674418604651,1.075,0.8778375190044179,17,0.003995232231871536,0.24522328849830427,0.36857298016548157,318
0.0320671237244898,0.12560637295246124,0.9766044894087891,0.8556362379235466,0.7020454545454545,1.1363636363636365,0.5555909755905623,18,0.006584734604380866,0.3736611674663321,0.39053890109062195,319
0.026905293367346938,0.09520052373409271,0.9783057851239669,0.8757842236512642,0.7312741312741313,1.0571428571428572,0.4181953237568626,19,0.0025895023725093294,0.1963712622200182,0.3881003260612488,320
0.03981983418367347,0.7898267507553101,0.9669049510193275,0.7860793245006752,0.7422764227642277,1.4634146341463414,0.7565931055120775,19,0.005992848347807305,0.33468874343013305,0.29713159799575806,321
0.018674266581632654,0.8347825407981873,0.9806629834254144,0.8710355616809988,0.7298519736842105,1.1875,0.6384805881706643,17,0.002293559244222549,0.27243347741362434,0.32804304361343384,322
0.03882334183673469,0.5593504905700684,0.9452089704383282,0.7265534720400301,0.652533427163969,1.183673469387755,0.6767544127624988,16,0.020087139832465226,0.32144282568726124,0.4120182693004608,323
0.03334263392857143,0.04647442325949669,0.8872764090448869,0.5337290789194524,0.5985883424408015,1.6944444444444444,0.8601790038329332,13,0.03503226781094764,0.25898841066721207,0.3840709924697876,324
0.048150510204081634,0.23363368213176727,0.9827999129109515,0.870443317917016,0.7332683560753737,1.0555555555555556,0.5843955200968253,24,0.0035019936847269025,0.32962363503266445,0.23978979885578156,325
0.04721380739795918,0.7924938201904297,0.9750221043324492,0.8047317739924532,0.7144476838354389,1.2857142857142858,0.7237843868407117,26,0.004328168251194165,0.3741534732408342,0.27851545810699463,326
0.04061702806122449,0.289175420999527,0.9646464646464646,0.8109612195534683,0.7202750665483585,1.065217391304348,0.3834800371490082,22,0.0069423325510607255,0.015386564910509758,0.7898803353309631,327
0.031190210459183673,0.044260360300540924,0.9509408602150538,0.6360844152731324,0.6402714932126696,1.911764705882353,0.9060940526635469,16,0.014969789905839647,0.35977507677551673,0.3649124801158905,328
0.01522640306122449,0.25556591153144836,0.9795171909290417,0.8166763495318876,0.6887860082304527,1.3333333333333333,0.8015067873583983,13,0.002293559244222549,0.42231497610172725,0.5188949704170227,329
0.026407047193877552,0.7798048257827759,0.9603242320819113,0.723859786288047,0.7118912080961417,1.6451612903225807,0.8145698953487053,22,0.004155534759693543,0.22894627018279312,0.7028846144676208,330
0.043247767857142856,0.1981254369020462,0.9840722059994691,0.8474791906629987,0.7534552845528455,1.4634146341463414,0.737566213521389,23,0.0025895023725093294,0.20427205634921902,0.3521871864795685,331
0.03910235969387755,0.032883673906326294,0.9778947368421053,0.8352260378639436,0.7212732919254659,1.2173913043478262,0.6983280611593871,22,0.0030827409196539633,0.41688970883184506,0.24084702134132385,332
0.04516103316326531,0.12524881958961487,0.9852863899106674,0.8634005116676773,0.7387706855791962,1.148936170212766,0.6844812604696251,23,0.001997616115935768,0.1525664537284916,0.5001083016395569,333
0.00896843112244898,0.7902365326881409,0.969661610268378,0.8725700673308998,0.7226086956521739,1.0869565217391304,0.3914109419852915,13,0.00267581911825964,0.32862893098540696,0.4781685769557953,334
0.0517578125,0.7145087718963623,0.9747673216132369,0.7998818003947675,0.7219669117647058,1.2549019607843137,0.6981438203449015,24,0.003995232231871536,0.3415516444405655,0.7726804614067078,335
0.016222895408163265,0.1240556538105011,0.9785604900459418,0.8697917016764546,0.7228506787330317,1.3076923076923077,0.6538046263522902,14,0.002293559244222549,0.24888455915352048,0.4752977192401886,336
0.028200733418367346,0.22403524816036224,0.9660886319845857,0.788990218355828,0.6794037940379404,1.0975609756097562,0.7333865791470496,20,0.004044556086586,0.16283250834385246,0.38465744256973267,337
0.0186344068877551,0.7807329893112183,0.8040854224698236,0.443129418501331,0.5280487804878049,1.025,0.4837058398595956,11,0.036857250435382787,0.2877118963497575,0.41459178924560547,338
0.023596938775510203,0.26907917857170105,0.9794238683127572,0.8804082163843753,0.7397047397047397,1.1818181818181819,0.5601263791134937,17,0.002293559244222549,0.27153876965271945,0.7358487248420715,339
0.026387117346938774,0.004978568758815527,0.9772481040086674,0.8461523921989215,0.7274193548387097,1.2903225806451613,0.7156218094011391,17,0.0025895023725093294,0.11594523400993564,0.2162160724401474,340
0.015664859693877552,0.06948011368513107,0.9600380589914367,0.8373572976038759,0.6920438957475995,1.0,0.36248483043836305,16,0.0032430434474759696,0.2414112090598347,0.42246508598327637,341
0.05307318239795918,0.004468745086342096,0.9751881228391296,0.8352362444288554,0.7436414392059554,1.1923076923076923,0.5566353013865395,26,0.004229520541765238,0.3035538255526705,0.10024897009134293,342
0.02517139668367347,0.2675344944000244,0.9665236051502146,0.8281826482008785,0.7041901188242652,1.0512820512820513,0.28222642701191725,18,0.0046857661978740245,0.3353655307760121,0.7722922563552856,343
0.032106983418367346,0.016430191695690155,0.844770337576093,0.49309126083830784,0.6357767596834653,1.0,0.4159107072951879,13,0.030149206194215763,0.3068990131392898,0.21983978152275085,344
0.0184749681122449,0.03708888590335846,0.9844961240310077,0.8249001188697208,0.6627134724857685,1.096774193548387,0.8067692811920877,12,0.001997616115935768,0.3001588023272154,0.32752376794815063,345
0.027941645408163265,0.1494496911764145,0.9690175295556461,0.7273410618494491,0.7074404761904762,1.8666666666666667,0.8477926629720044,17,0.004229520541765238,0.159414079897804,0.40408778190612793,346
0.031130420918367346,0.05399882793426514,0.9852299429338705,0.898084146625214,0.7580061983471075,1.0,0.4036402430928658,20,0.002293559244222549,0.22143320642562198,0.34143540263175964,347
0.02018893494897959,0.25118017196655273,0.9316804407713498,0.6355506749484768,0.5426829268292683,1.0789473684210527,0.8775711584186459,12,0.008927617703317878,0.27355144343721866,0.7956850528717041,348
0.03639190051020408,0.7990094423294067,0.9587155963302753,0.7912321143601978,0.6785714285714286,1.3095238095238095,0.6259352922394082,23,0.011171853092825963,0.34278798701974966,0.33521729707717896,349
0.05337213010204082,0.3220115900039673,0.982561760431804,0.8680102887354015,0.7512698412698413,1.26,0.6210610644879994,24,0.00490772354408911,0.05582604103118778,0.7197683453559875,350
0.021504304846938774,0.7875692844390869,0.9848058525604952,0.8499445533979147,0.7291666666666666,1.3333333333333333,0.7557973011913094,13,0.002293559244222549,0.2313054463454303,0.7410130500793457,351
0.0283203125,0.7049030661582947,0.9521739130434783,0.6431947986612878,0.721978021978022,2.3214285714285716,0.915520001858304,16,0.0056599123284846765,0.44115195133998225,0.8109031319618225,352
0.036989795918367346,0.7717294096946716,0.9701450892857143,0.7715898784461341,0.6516116941529235,1.2608695652173914,0.803973349494463,17,0.008730322284460024,0.2312909830114789,0.4329455494880676,353
0.023417570153061226,0.29693886637687683,0.9775885253249664,0.7949310812768382,0.6549549549549549,1.2162162162162162,0.8155375346437608,18,0.0025895023725093294,0.3270217294568716,0.8368714451789856,354
0.0254703443877551,0.7465934753417969,0.980243799915931,0.8797649740349501,0.732872407291012,1.162162162162162,0.5504934921839542,20,0.0024785236994017868,0.17501887930575247,0.712794840335846,355
0.022042410714285716,0.7936508655548096,0.9579395085066162,0.5831657892104669,0.5027281746031746,1.5555555555555556,0.9386457849190996,18,0.0036746271762275245,0.39434312855768305,0.3665449619293213,356
0.0525749362244898,0.23844316601753235,0.9718697123519459,0.7934613659822733,0.7464262508122157,1.0555555555555556,0.35812206164540694,26,0.0046857661978740245,0.31620846129206664,0.6467858552932739,357
0.02180325255102041,0.5533809661865234,0.9749357326478149,0.7336470051755054,0.6227422003284072,1.4482758620689655,0.877126075512488,15,0.0024785236994017868,0.34071342432244855,0.7882386445999146,358
0.022321428571428572,0.2950522005558014,0.8973194002726034,0.6043326029249736,0.6210691823899371,1.7666666666666666,0.852742991451699,16,0.015006782796875494,0.3311568213573875,0.3884839415550232,359
0.022181919642857144,0.2166711837053299,0.844623200677392,0.46810782501944764,0.5277777777777778,2.1,0.9209514906635357,14,0.023552140626156282,0.25397548596665764,0.6983712911605835,360
0.020268654336734693,0.6753841042518616,0.9472336065573771,0.7807642214784364,0.6772893772893773,1.1142857142857143,0.5731937715721346,16,0.009568827814605902,0.19454602459345083,0.8260650634765625,361
0.012216996173469387,0.7584519982337952,0.9318385650224216,0.6985870709877594,0.6643222506393862,1.4782608695652173,0.766514873863575,10,0.009346870468390818,0.26175302322947924,0.47036081552505493,362
0.02702487244897959,0.8095652461051941,0.9539765845781187,0.605345974479295,0.5967171717171718,1.8181818181818181,0.9206005018524899,20,0.004106210904979079,0.2765678456727771,0.3816988468170166,363
0.034877232142857144,0.10281532257795334,0.9566813509544787,0.6460858140630974,0.5675087108013938,1.3658536585365855,0.8959729566184753,20,0.004229520541765238,0.46403059395852814,0.31609877943992615,364
0.01500717474489796,0.14851541817188263,0.9116465863453815,0.644943136487887,0.5820512820512821,1.56,0.8175611350326868,13,0.008126105064207847,0.3007513072330295,0.49709552526474,365
0.026486766581632654,0.8047083616256714,0.8102543399273314,0.3552411019976518,0.48478260869565215,2.3,0.9500496277016924,15,0.035833780450057674,0.14872092945026263,0.3842974007129669,366
0.025829081632653062,0.12812113761901855,0.9325997248968363,0.7218984402543974,0.6726190476190477,1.1666666666666667,0.6565467007536162,17,0.010715607436717177,0.2870398051097337,0.5023773908615112,367
0.025390625,0.24273115396499634,0.9819004524886877,0.8692955923542272,0.7180147058823529,1.1764705882352942,0.6544137838334894,16,0.002293559244222549,0.2370506309642646,0.4739953875541687,368
0.017737563775510203,0.061281803995370865,0.9225137278828553,0.5572557437426822,0.6201804757998359,2.3043478260869565,0.9414081898025389,14,0.013958650884193147,0.26640255519314116,0.4793805480003357,369
0.015605070153061224,0.1083470955491066,0.9795630725863284,0.892687486875104,0.7232049947970863,1.0,0.15885005495542073,16,0.002293559244222549,0.15133930319704697,0.4121337831020355,370
0.03892299107142857,0.45851826667785645,0.9857406918405069,0.8780689052166387,0.7319607843137255,1.02,0.6394677515561165,22,0.0025895023725093294,0.4337376076243316,0.3445608913898468,371
0.03202726403061224,0.7087746262550354,0.810372340425532,0.3836761679810961,0.5203210382513661,1.2708333333333333,0.8390620221608446,15,0.03961938629939274,0.2582618250547844,0.41873177886009216,372
0.03677056760204082,0.7237117290496826,0.9660966096609661,0.7596559490111281,0.6770395290159799,1.4146341463414633,0.8158150933616457,19,0.0041432037960149265,0.3709167526130138,0.6622740030288696,373
0.015465561224489796,0.870545506477356,0.9852941176470589,0.8901481218640095,0.7477678571428571,1.1428571428571428,0.6010017139484769,10,0.001997616115935768,0.3030076393451884,0.4182646870613098,374
0.033880739795918366,0.8077473044395447,0.984375,0.8975654959000056,0.75,1.024390243902439,0.29769091538808795,17,0.002293559244222549,0.26121495040249326,0.3717852532863617,375
0.01797672193877551,0.794329047203064,0.8702081051478642,0.40959955137247167,0.6246069182389937,2.2083333333333335,0.9100174829740416,11,0.02896543368106864,0.3855874655191217,0.38197097182273865,376
0.026566485969387755,0.7329460978507996,0.9728542914171656,0.8025858606666779,0.728767942583732,1.1578947368421053,0.6175357569838125,18,0.0046857661978740245,0.22134471030583014,0.38196471333503723,377
0.028738839285714284,0.7765931487083435,0.9727917981072555,0.6815252165617915,0.7251616696061141,2.3333333333333335,0.9094644395300008,21,0.002786797791367183,0.33452132219397585,0.42721685767173767,378
0.01602359693877551,0.7334296107292175,0.9549218031278749,0.6895326496230164,0.650375939849624,1.8095238095238095,0.8835173314582742,12,0.003514324648405518,0.35739104323468723,0.4411274790763855,379
0.038564253826530615,0.029779497534036636,0.9866354827931841,0.9035919880695935,0.7630490956072351,1.0465116279069768,0.3125307466810505,17,0.0023428830989370123,0.3684101954389417,0.26782339811325073,380
0.04615752551020408,0.0022862365003675222,0.9842462433349491,0.8516115423167928,0.7421418128654971,1.1875,0.6680215778800273,21,0.00389658452244261,0.29322951861996316,0.08073923736810684,381
0.021603954081632654,0.7741298079490662,0.9599572877736252,0.6871023912507409,0.610733695652174,1.4375,0.887189832566574,17,0.004229520541765238,0.3265191233475997,0.3845076858997345,382
0.04097576530612245,0.1377740204334259,0.8850820842255531,0.5267353333322097,0.6775956284153005,1.3555555555555556,0.6417103224577987,13,0.04287476071054733,0.31568112157561995,0.42130863666534424,383
0.043825733418367346,0.05396256223320961,0.9774375503626108,0.8319333085574999,0.729550922213312,1.3488372093023255,0.7139023707928916,23,0.004488470779016171,0.4116033795947796,0.29020172357559204,384
0.02702487244897959,0.3740696609020233,0.940211447320452,0.6852067672026009,0.7140088593576965,1.0238095238095237,0.5887500403254537,16,0.014846480269053488,0.2601414308367633,0.4173307716846466,385
0.04551977040816327,0.1909635215997696,0.9834729454380802,0.8645428735303103,0.7418032786885246,1.2708333333333333,0.6479113303042091,24,0.0025895023725093294,0.16280893295117108,0.38823211193084717,386
0.025769292091836735,0.08107967674732208,0.9793131981795614,0.8582325018024826,0.7350931677018634,1.3142857142857143,0.6480702522733377,22,0.0024785236994017868,0.34931368717534694,0.39115315675735474,387
0.02991470025510204,0.24571970105171204,0.8905135520684736,0.5994312524353801,0.602557915057915,1.5135135135135136,0.8281740755264972,15,0.017053722767525727,0.48428523882210656,0.4374485909938812,388
0.03866390306122449,0.0865304172039032,0.9833109017496635,0.8027229542727585,0.6764814814814815,1.3333333333333333,0.8171989399485453,22,0.00267581911825964,0.15573189600349657,0.35832127928733826,389
0.021285076530612245,0.7523844242095947,0.879553181155901,0.6036422343534296,0.5988756613756614,1.1666666666666667,0.6425217993968521,16,0.02043240681546647,0.34598912099740015,0.3683663606643677,390
0.04270966198979592,0.29470810294151306,0.9536314170806719,0.7926644025879441,0.6698238617480891,1.1568627450980393,0.5841462003650673,17,0.01133215562064797,0.3691661876863682,0.8512849807739258,391
0.020049426020408163,0.15801425278186798,0.9380787037037037,0.485689467403739,0.6880305602716469,3.263157894736842,0.9588893627053845,15,0.004328168251194165,0.3509911160999691,0.6472848653793335,392
0.016581632653061226,0.13598114252090454,0.8480662983425414,0.470629648293301,0.5958850931677019,1.6428571428571428,0.8489443586490732,15,0.026449917090631006,0.3039557319475614,0.4686852991580963,393
0.02130500637755102,0.7358264923095703,0.9606126914660832,0.7893740178323722,0.7080645161290322,1.2903225806451613,0.6822536385852106,17,0.003995232231871536,0.3405901891120772,0.4334274232387543,394
0.020228794642857144,0.02827107161283493,0.8833922261484098,0.5967624592083383,0.6285919540229885,1.6551724137931034,0.8588116462495925,15,0.023848083754443063,0.3101491244398747,0.3581199645996094,395
0.02618781887755102,0.6645298600196838,0.9673313534153585,0.6986395958868216,0.5769230769230769,1.368421052631579,0.8824582424617486,17,0.0033293601932262804,0.2981373812520361,0.8388919234275818,396
0.03128985969387755,0.2252884805202484,0.9782372143634385,0.7322514795238381,0.6642857142857143,1.6571428571428573,0.8793627643058711,19,0.00267581911825964,0.38618454041703243,0.4518435001373291,397
0.031230070153061226,0.23561611771583557,0.9756493506493507,0.8509890736613106,0.7265473887814313,1.0681818181818181,0.4490131082532513,19,0.003514324648405518,0.34225039230160886,0.5828724503517151,398
0.028758769132653062,0.7075049877166748,0.9116494478090488,0.6798930272475594,0.6612403100775194,1.0465116279069768,0.5802305177650553,17,0.020950307289968335,0.17312763752038599,0.8289635181427002,399
